AAL,Olborg,Aalborg
AES,Olesund,Aalesund
AAR,Orhus,Aarhus
JEG,Asijat,Aasiaat
YXX,Abotsford,Abbotsford
ABR,Aberdin,Aberdeen
ABJ,Abidžan,Abidjan
ABI,Abilin,Abilene
AUH,Abu Dabi,Abu Dhabi
ABV,Abudža,Abuja
ACA,Akapulko,Acapulco
ACC,Akra,Accra
ADK,Adak,Adak Island
AIP,Jalandhar,Adampur
ADD,Adis Abeba,Addis Ababa
ADL,Adelejd,Adelaide
ADF,Adijaman,Adiyaman
YIE,Ardžan,Aershan
AGF,Ažen,Agen
BQN,Agvadilja,Aguadilla
AGU,Agvaskalijentes,Aguascalientes
AHE,Ahe,AHE Atoll
QXB,Aidž-en-Provence,Aix En Provence
AJL,Ajzol,Aizawl
AJA,Ajačo,Ajaccio
AEY,Akirejri,Akureyri
AAN,El Ain,Al Ain
ABT,Al Bahah,Al Baha
AHU,Al Hoseima,Al Hoceima
AJF,El Džauf,Al Jouf
NJF,Nadžaf,Al Najaf
ABY,Olbani,Albany
ABQ,Albukerki,Albuquerque
ABX,Olberi,Albury
ACI,Olderni,Alderney
AEX,Aleksandrija,Alexandria
AXD,Aleksandrupolis,Alexandroupolis
AHO,Algero,Alghero
ALG,Sidi M'Hamed,Algiers
ALC,Alikante,Alicante
ASP,Alis Springs,Alice Springs
IXD,Alahabad,Allahabad
ABE,Alentaun,Allentown
AIA,Alajans,Alliance
ALA,Almati,Almaty
LEI,Almerija,Almeria
AOR,Alor Star,Alor Setar
APN,Alpina,Alpena
ACH,Thal,Altenrhein
AOO,Altuna,Altoona
ASJ,Amami,Amami O Shima
AMA,Amarilo,Amarillo
AMM,Aman,Amman
ATQ,Amricar,Amritsar
DYR,Anadir (grad),Anadyr
ANC,Enkoridž,Anchorage
AOI,Ankona,Ancona
AGH,Engelholm,Angelholm
AXA,Angvila,Anguilla
VBA,Ann,Ann MM
AAE,Anaba,Annaba
AOG,Anšan,Anshan
AVA,Anšun,Anshun
ATA,Huaraz,Anta
AYT,Antalija,Antalya
ANU,Antigva,Antigua
ANR,Antverpen,Antwerp
APO,Apartadó,Apartado
APW,Apija,Apia
ATW,Aplton,Appleton
AQJ,Akaba,Aqaba
AKX,Aktobe,Aqtobe
AJU,Arakažu,Aracaju
ARU,Araçatuba,Aracatuba
AUC,Arauka,Arauca
AMH,Arba Minč,Arba Minch
ACV,Arkejta,Arcata
AQP,Arekipa,Arequipa
ARI,Arika,Arica
ARH,Arhangeljsk,Arkhangelsk
AXM,Jermenija,Armenia
ZYM,Arnhem,Arnhem City
ARK,Aruša,Arusha
AKJ,Asahikava,Asahikawa
AVL,Ešvil (Severna Karolina),Asheville
ASB,Ašhabad,Ashgabat
ATZ,Asjut,Assiut
TSE,Nur Sultan,Astana
ASF,Astrahan,Astrakhan
OVD,Kneževina Asturija,Asturias
JTY,Astypalaia,Astypalaia Island
ASU,Asunsion,Asuncion
ASW,Asuan,Aswan
AYX,Atalaya,Atalya
AHN,Atina,Athens
AUQ,Hiva Oa,Atuona
GUW,Atirau,Atyrau
AKL,Okland,Auckland
AGS,Ogasta,Augusta
AUR,Orijak,Aurillac
AUU,Aurukun,Aurukun Mission
AUS,Ostin,Austin
AVN,Avinjon,Avignon
AWA,Avasa,Awasa
AXU,Aksum,Axum
AYP,Ajakućo,Ayacucho
AYQ,Uluru,Ayers Rock
BCM,Bacău,Bacau
BCD,Bakolod,Bacolod
BJZ,Badahoz,Badajoz
BGW,Bagdad,Baghdad
YBG,Sagne,Bagotville
BJR,Bahir Dar,Bahar Dar
BHV,Bahavalpur,Bahawalpur
BHI,Baija Blanka,Bahia Blanca
BSC,Bahía Solano,Bahia Solano
BAH,Bahrein,Bahrain
YBC,Be Komo,Baie Comeau
BKM,Ba kelalan,Bakalalan
BFL,Bejkersfild,Bakersfield
BAS,Balalae Island,Balalae
BWN,Bandar Seri Begavan,Bandar Seri Begawan
BGF,Bangi,Bangui
BDJ,Bandžarmasin,Banjarmasin
BJL,Bandžul,Banjul
BMV,Buon Ma Tuot,Banmethuot
BHB,Bar Harbor (Mejn),Bar Harbor
BCN,Barselona,Barcelona
BDU,Andselv,Bardufoss
BRR,Bara,Barra
BAQ,Barankilja,Barranquilla
BRW,Barou,Barrow
BSO,Basko,Basco
BIA,Bastija,Bastia
BQJ,Batagaj,Batagay
BHS,Baterst,Bathurst
BTR,Baton Ruž,Baton Rouge
BJF,Båtsfjord,Batsfjord
BPT,Bomont,Beaumont
CBH,Bešar,Bechar
BKW,Bekli,Beckley
BHY,Bejhaj,Beihai
BJS,Peking,Beijing
BEY,Bejrut,Beirut
BJA,Bejaija,Bejaia
BEG,Beograd,Belgrade
BLV,Belvil,Belleville
BLI,Belingham,Bellingham
BHZ,Belo Orizonte,Belo Horizonte
EYK,Belojarski,Beloyarsky
BJI,Bemidži,Bemidji
BLR,Bangalor,Bengaluru
BKS,Benkulu,Bengkulu
BEM,Beni Melal,Beni Mellal
BNI,Benin Siti,Benin City
EZV,Beryozovo,BEREZOVO
EGC,Beržerak,Bergerac
BDA,Bermudi,Bermuda
BRN,Bern,Berne
XQG,Berwick-upon-Tweed,Berwick Upon Tweed
BET,Betel,Bethel
BZR,Bezje,Beziers
BWA,Siddharthanagar,Bhairawa
BUP,Bathinda,Bhatinda
BHU,Bavnagar,Bhavnagar
BHO,Bopal,Bhopal
BBI,Bubanešvar,Bhubaneswar
BIQ,Bijaric,Biarritz
ZDK,Biel/Bienne,Biel Bienne
YTL,Kitchenuhmaykoosib Inninuwug First Nation,Big Trout
BIL,Bilings,Billings
BGM,Bingamton,Binghamton
BHM,Bermingham,Birmingham
FRU,Biškek,Bishkek
BIS,Bizmark,Bismarck
OXB,Bisao,Bissau
BLK,Blekpul,Blackpool
BQS,Blagovješčensk (Amurska oblast),Blagoveshchensk
YBX,Blanc-Sablon,Blanc Sablon
BLZ,Blantajer,Blantyre
BHE,Blenhajm,Blenheim
BFN,Blumfontejn,Bloemfontein
BMG,Blumington,Bloomington
BOY,Bobo-Djulaso,Bobo Dioulasso
BOC,Bokas del Toro,Bocas Del Toro
ODO,Bodajbo,Bodaybo
BOO,Bode,Bodo
BOI,Bojsi,Boise
BLQ,Bolonja,Bologna
BON,Boner,Bonaire
YVB,Bonavantir,Bonaventure
TGP,Podkamennaya Tunguska,BOR RU
BOD,Bordo,Bordeaux
BLE,Borlenge,Borlange
BYK,Buake,Bouake
BOJ,Burgas,Bourgas
BOH,Bornmut,Bournemouth
BWK,Brač,Brac
BSB,Brazilija,Brasilia
BZV,Brazavil,Brazzaville
BGI,Bridžtaun,Bridgetown
BDS,Brindizi,Brindisi
BNE,Brizbejn,Brisbane
BVE,Briv la Gajard,Brive La Gaill
BNN,Brønnøysund,Bronnoysund
BRO,Braunsvil,Brownsville
ZGJ,Bruges,Brugge
BRU,Brisel,Brussels
BGA,Bukaramanga,Bucaramanga
ZDO,Buchs SG,Buch Sg
BUH,Bukurešt,Bucharest
BUD,Budimpešta,Budapest
BUE,Buenos Ajres,Buenos Aires
KJI,Burqin,Buerjin City
BUF,Bufalo,Buffalo
BJM,Budžumbura,Bujumbura
BHK,Buhara,Bukhara
BUQ,Bulavajo,Bulawayo
IFP,Bulhed,Bullhead City
BDB,Bundaberg Region,Bundaberg
BUR,Berbank,Burbank
BRL,Berlington,Burlington
BTM,Bjut-Silver Bou,Butte
BZG,Bidgošč,Bydgoszcz
CAH,Ca Mau Province,Ca Mau City
CFR,Kan,Caen
CGY,Kagajan de Oro,Cagayan
CAG,Kaljari,Cagliari
CNS,Kerns,Cairns
CAI,Kairo,Cairo
CJA,Kahamarka,Cajamarca
CQF,Marck,Calais
XFF,Calais,Calais City
CJC,Kalama,Calama
YYC,Kalgari,Calgary
CLO,Kali,Cali
CLY,Kalvi,Calvi
CBG,Kembridž,Cambridge
ZEL,Bella Bella,Campbell Island
YBL,Kembel River,Campbell River
CAL,Campbeltown,Campbelltown
CPE,San Fransisko de Kampeče,Campeche
CPV,Kampina Grande,Campina Grande
CGR,Kampo Grande,Campogrande
CAW,Kampos dos Gojtakazes,Campos Dos Goytacaze
VCA,Kantho,Can Tho
CKZ,Čanakale,Canakkale
CBR,Kanbera,Canberra
CUN,Kankun,Cancun
CWJ,Cangyuan Va Autonomous County,Cangyuan
CGI,Kejp Džirardo,Cape Girardeau
CPT,Kejptaun,Cape Town
CCS,Karakas,Caracas
CKS,Parauapebas,Carajas
CCF,Karkason,Carcassonne
CWL,Kardif,Cardiff
CNM,Karlsbad,Carlsbad
CTG,Kartahena de Indijas,Cartagena
CAS,Kazablanka,Casablanca
CAC,Kaskavel,Cascavel
CPR,Kasper,Casper
CDT,Kasteljon de la Plana,Castellon de la Plana
YCG,Kaslgar,Castlegar
DCM,Kastr,Castres
CTC,Katamarka,Catamarca
CTA,Katanija,Catania
CYZ,Cauayan,Cauayan City
CXJ,Kašijas do Sul,Caxias Do Sul
CAY,Kajena,Cayenne
CEB,Sebu,Cebu
CDC,Sidar Siti,Cedar City
CID,Sidar Rapids,Cedar Rapids
NRR,Roosevelt Roads Naval Station,Ceiba
CDR,Čadron,Chadron
CMF,Šamberi,Chambery
CMI,Šampejn,Champaign
IXC,Čandigar,Chandigarh
CGQ,Čangčuen,Changchun
CGD,Čangde,Changde
CSX,Čangša,Changsha
CIH,Čangdži,Changzhi
CZX,Čangdžou,Changzhou
CHQ,Hanija,Chania
CHG,Čaojang,CHAOYANG
CPC,San Martin de los Andes,Chapelco
CHS,Čarlston,Charleston
CLT,Šarlot,Charlotte
CHO,Šarlotsvil,Charlottesville
YYG,Šarlottaun,Charlottetown
CSY,Čeboksari,Cheboksary
CEK,Čeljabinsk,Chelyabinsk
CTU,Čengdu,Chengdu
MAA,Čenaj,Chennai
CJJ,Šeongju,Cheongju
CEE,Čerepovec,Cherepovets
CKC,Cherkasy,Cherkassy
CWC,Černivci,Chernovtsy
CYX,Čerski,Chersky
CTM,Četumal,Chetumal
CYS,Šajen,Cheyenne
CNX,Čijang Maj,Chiang Mai
CEI,Chiang Rai Province,Chiang Rai
YMT,Šibugamo,Chibougamau
CHI,Čikago,Chicago
CIX,Ćiklajo,Chiclayo
CIF,Čifeng,Chifeng
CUU,Čivava,Chihuahua
HIN,Jinju,Chinju
KIV,Kišinjev,Chisinau
HTA,Čita,Chita
CTD,Chitre,Chitre
CGP,Čitagong,Chittagong
CFK,Šlef,Chlef
CKH,Čokurdah,Chokurdakh
CKG,Čungking,Chongqing
CHC,Krajstčerč,Christchurch
CXI,Božićno Ostrvo,Christmas Island
CJM,Šumfon,Chumphon
ZUM,Churchill Falls,Churchhill Falls
YYQ,Čerčil,Churchill
CVG,Sinsinati,Cincinnati
CUA,Ciudad Constitución,Ciudad Constitucion
AGT,Sijudad del Este,Ciudad Del Este
CJS,Sijudad Huarez,Ciudad Juarez
CEN,Sijudad Obregon,Ciudad Obregon
CVM,Sijudad Viktorija,Ciudad Victoria
CKB,Klarksburg,Clarksburg
CFE,Klermon Feran,Clermont Ferrand
CLE,Klivlend,Cleveland
CVN,Klovis,Clovis
CLJ,Kluž-Napoka,Cluj
OCC,Puerto Francisco de Orellana,Coca
CBB,Koćabamba,Cochabamba
CCK,Kokosova ostrva,Cocos Islands
COD,Kodi,Cody
CFS,Kofs Harbor,Coffs Harbour
CJB,Koimbator,Coimbatore
CLB,Castlebar,Colchester
CLQ,Kolima,Colima
CLL,Koledž Stejšon,College Station
CGN,Keln,Cologne
CMB,Kolombo,Colombo
COS,Kolorado Springs,Colorado Springs
CAE,Kolambija,Columbia
CMH,Kolambus,Columbus
CIY,Komizo,Comiso
CRD,Komodoro Rivadavija,Comodoro Rivadavia
VCS,Côn Sơn Island,Con Dao
CKY,Konakri,Conakry
CCP,Konsepsion,Concepcion
CCR,Konkord,Concord
CND,Konstanca,Constanta
CZL,Konstantin,Constantine
CPD,Kuber Pidi,Coober Pedy
CPH,Kopenhagen,Copenhagen
CPO,Kopijapo,Copiapo
COR,Kordoba,Cordoba
CDV,Kordova,Cordova
ORK,Kork,Cork
CZH,Corozal Town,Corozal
CRP,Korpus Kristi,Corpus Christi
CNQ,Korijentes,Corrientes
CEZ,Kortez,Cortez
CVU,Korvo,Corvo Island
CBO,Kotabato,Cotabato
COO,Kotonu,Cotonou
CZM,Kozumel,Cozumel
CRA,Krajova,Craiova
YXC,Kranbruk,Cranbrook
CEC,Kresent Siti,Crescent City
CUC,Kukuta,Cucuta
CDP,Kadapa,Cuddapah
CGB,Kujaba,Cuiaba
CPX,Kulebra,Culebra
CUL,Kulijakan,Culiacan
CUF,Kuneo,Cuneo
CUR,Kurasao,Curacao
CWB,Kuritiba,Curitiba
CUZ,Kusko,Cuzco
TAE,Tegu,Daegu
DLI,Da Lat,Dalat
DLU,Dali,Dali City
DLC,Daljen,Dalian
DFW,Dalas,Dallas
DMM,Damam,Dammam
DDG,Dandung,Dandong
DCY,Daocheng County,Daocheng
DQA,Dačing,Daqing
DAR,Dar es Salam,Dar Es Salaam
DRW,Darvin,Darwin
DAT,Datung,Datong
TVY,Dawei Township,Dawei
YDA,Doson,Dawson City
YDQ,Doson Krik,Dawson Creek
DYG,Zhangjiajie,Dayong
DAY,Dejton,Dayton
DAB,Dejtona Bič,Daytona Beach
LGI,Deadman's Cay Settlement,Deadmans Cay
DOL,Dovil,Deauville
DEB,Debrecin,Debrecen
DEC,Dekejtur,Decatur
DED,Deradun,Dehra Dun
DEL,Nju Delhi,Delhi
DPS,Denpasar,Denpasar Bali
DPT,Deputatski,Deputatskij
DIG,Diqing Tibetan Autonomous Prefecture,Deqen
DSM,De Mojn,Des Moines
DSE,Dese,Dessie
DVL,Devils Lejk,Devils Lake
DAC,Daka,Dhaka
DHM,Dharamshala,Dharamsala
DIK,Dikinson,Dickinson
DIN,Dijen Bijen Fu,Dien Bien Phu
DLG,Dilingham,Dillingham
DNR,Dinar,Dinard
DIR,Dire Dava,Dire Dawa
XED,Disneyland Paris,Disneyland Paris Rail
DIU,Diu,Diu In
DIY,Dijarbakir,Diyarbakir
DJE,Đerba,Djerba
JIB,Džibuti,Djibouti
DNK,Dnjepar,Dnipro
DLE,Dol,Dole
DOM,Dominika,Dominica
DSA,Donkaster,Doncaster
VDH,Dong Hoj,Dong Hoi
DOY,Dungjing,Dongying
DHN,Dotan,Dothan
DLA,Duala,Douala
DRK,Bahia Drake,Drake Bay
DRS,Drezden,Dresden
YHD,Drajden,Dryden
DBO,Dabo,Dubbo
DUB,Dablin,Dublin
DUJ,Dubojs,Dubois
DBQ,Dubjuk,Dubuque
DLH,Dulut,Duluth
DND,Dandi,Dundee
DUD,Danidin,Dunedin
DGO,Viktorija de Durango,Durango
MME,Daram,Durham
DYU,Dušanbe,Dushanbe
DUS,Diseldorf,Dusseldorf
DZA,Mamudzu,Dzaoudzi
EGE,Vejl,Eagle
ELS,Istočni London,East London
IPC,Uskršnje ostrvo,Easter Island
EAU,O Kler,Eau Claire
EDI,Edinburg,Edinburgh
EDR,Pormpuraaw,Edward River
EGS,Egjilstadir,Egilsstadir
EIN,Ajndhoven,Eindhoven
SVX,Jekaterinburg,Ekaterinburg
EUN,Laayoune,El Aaiun
IPL,El Sentro,El Centro
ELD,El Dorejdo,El Dorado
EYP,Yopal,El Yopal
ETH,Eilat,Elat
ELM,Elmajra,Elmira
ENH,Enshi City,Enshi
EBB,Entebe,Entebbe
ECN,Northern Cyprus,Ercan
ERI,Iri,Erie
ERH,Erašidija,Errachidia
ESC,Eskanaba,Escanaba
ESK,Eskişehir,Eskisehir
SON,Luganvil,Espiritu Santo
ESU,Esaura,Essaouira
EUG,Judžin,Eugene
EVV,Evansvil,Evansville
EXT,Ekseter,Exeter
FAI,Ferbanks,Fairbanks
LYP,Faisalabad District,Faisalabad
FBD,Fayzabad,Faizabad
FAE,Farska Ostrva,Faroe Islands
FAY,Fejetvil,Fayetteville
FEZ,Fes,Fez Ma
FLO,Florens,Florence
FLN,Florijanopolis,Florianopolis
FRO,Flore,Floro
FTU,Tolanaro,Fort Dauphin
FOD,Fort Dadž,Fort Dodge
YAG,Fort Franses,Fort Frances
FMY,Fort Majers,Fort Myers
YER,Fort Severn First Nation,Fort Severn
VPS,Destin,Fort Walton Beach
FON,La Fortuna,Fortuna
FRW,Frensistaun,Francistown
ZFR,Frankfurt (Oder),Frankfurt An Der Oder
YFC,Frederikton,Fredericton
FNA,Fritaun,Freetown
FAT,Frezno,Fresno
FDH,Fridrihshafen,Friedrichshafen
FNL,Fort Collins/Loveland,Ft Collins
FDF,For de Frans,Ft De France
FLL,Fort Loderdejl,Ft Lauderdale
TBN,Fort Lionard Vud,Ft Leonard Wood
YMM,Fort Makmari,Ft McMurray
FSM,Fort Smit,Ft Smith
YXJ,Fort Sent Džon,Ft St John
FWA,Fort Vejn,Ft Wayne
FTW,Fort Worth,Ft Worth
FUJ,Fukuedžima,Fukue
FKS,Fukušima,Fukushima
FNC,Funšal,Funchal
FUT,Futuna,Futuna Island
FUG,Fujang,Fuyang
FYN,Fuyun County,Fuyun
FOC,Fudžou,Fuzhou
GNV,Gejnsvil,Gainesville
GPS,Ostrvo Baltra,Galapagos Is
GMR,Totegegie,Gambier Island
GAN,Gan,Gan Island
KOW,Gandžou,Ganzhou
GCK,Garden Siti,Garden City
YIV,Island Lake,Garden Hill Island Lake
ZEI,Garmisch-Partenkirchen,Garmisch Partenkirchen
ELQ,El Kasim,Gassim
ZGU,Gaua,Gaua Island
GVX,Gavle / Sandviken,Gavle
GAY,Gaja,Gaya
GZT,Gazijantep,Gaziantep
GDN,Gdanjsk,Gdansk
GDZ,Gelendžik,Gelendzhik
GVA,Ženeva,Geneva
GOA,Đenova,Genoa
GEO,Džordžtaun,Georgetown
GET,Džeraldton,Geraldton
ZGS,La Romaine,Gethsemanie
YGX,Gilam,Gillam
GCC,Džilet,Gillette
GRO,Đirona,Girona
GIS,Gizbern,Gisborne
GIZ,Jizan,Gizan
GST,Gustavus,Glacier Bay
GLT,Gledston,Gladstone
GGW,Glazgou,Glasgow
GDV,Glendajv,Glendive
GOI,Goa,Goa In
ZGI,Manto Sipi Cree Nation,Gods River
GYN,Gojanija,Goiania
OOL,Gould Koust,Gold Coast
GMQ,Golog Tibetan Autonomous Prefecture,Golog
YYR,Happy Valley-Goose Bay,Goose Bay
GOP,Gorakpur,Gorakhpur
RGK,Gorno-Altajsk,Gorno Altaysk
GOT,Geteborg,Gothenburg
GOV,Nhulunbuy,Gove
GHB,Governor's Harbour,Governor S Harbour
GRW,Grasioza,Graciosa Island
LPA,Las Palmas de Gran Kanarija,Gran Canaria
GCN,Grand Kanjon Vilidž,Grand Canyon
GCM,Grand Cayman,Grand Cayman Island
GFK,Grand Foks,Grand Forks
GRI,Grand Ajland,Grand Island
GJT,Grand Džankšon,Grand Junction
GDT,Kobern Taun,Grand Turk
YQU,Grand Preri,Grande Prairie
GRZ,Grac,Graz
GTF,Grejt Fols,Great Falls
GRB,Grin Bej,Green Bay
GSO,Grinsboro,Greensboro
GLH,Grinvil,Greenville
GND,St George's,Grenada
GRV,Grozni,GROZNY
GTZ,Grumeti Game Reserve,Grumeti
GDL,Gvadalahara,Guadalajara
GUM,Gvam,Guam
GYS,Guangjuen,Guang Yuan
CAN,Guangdžou,Guangzhou
GUA,Guatemala,Guatemala City
GYE,Gvajakil,Guayaquil
GCI,Gernzi,Guernsey
GTI,Rugen,Guettin
KWL,Guejlin,Guilin
KWE,Guejang,Guiyang
GPT,Galfport,Gulfport
GUC,Ganison,Gunnison
URY,Qurayyat,Gurayat
GAU,Guvahati,Guwahati
GYU,Guyuan County,Guyuan Shi
GWL,Gvalior,Gwalior
KVD,Gendže,Gyandzhan
HAC,Hačidžošima,Hachijo Jima
HGR,Hagerstaun,Hagerstown
QHD,Heidelberg,Hahnweide
HAK,Hajkou,Haikou
HLD,Hajlar,Hailar
HNS,Hajns,Haines
HPH,Hajfong,Haiphong
YKO,Hakari,Hakkari
YHZ,Halifaks,Halifax
ZHZ,Leipzig-Halle,Halle
HFT,Hamerfest,Hammerfest
HGH,Hangdžou,Hangzhou
HAJ,Hanover,Hannover
HAN,Hanoj,Hanoi
HOI,Hao,Hao Island
HRL,Harlindžen,Harlingen
HAR,Harisburg,Harrisburg
EVE,Narvik,Harstad Narvik
HDY,Hat Jai,Hat Yai
HTY,Hataj,Hatay
HAU,Havesund,Haugesund
HVR,Haver,Havre
HHR,Hotorn,Hawthorne
HDN,Hejden,Hayden
HYS,Hejz,Hays
HFE,Hefej,Hefei
HEI,Busum,Heide Buesum
HNY,Hengjang,Hengyang
HER,Iraklion,Heraklion
HMO,Ermosiljo,Hermosillo
HVB,Harvi Bej,Hervey Bay
HIB,Hibing,Hibbing
YOJ,Haj Level,High Level
HHH,Hilton Hed Ajland,Hilton Head
HIJ,Hirošima,Hiroshima
SGN,Ho Ši Min,Ho Chi Minh City
HOB,Hobs,Hobbs
HDS,Hudsprojt,Hoedspruit
HOQ,Hof,Hof De
HOF,Hufuf,Hofuf
HOH,Hohenems / Dornbirn,Hohenems
HET,Hohot,Hohhot
HKG,Hongkong,Hong Kong
HIR,Honijara,Honiara
HVG,Honingsvog,Honningsvag
HNH,Huna,Hoonah
HID,Horn,Horn Island
CMX,Henkok (Mičigen),Houghton
HOU,Hjuston,Houston
HUI,Hue,Hu
HHQ,Tambon Hua Hin,Hua Hin
HIA,Huaijan,Huai An
HUN,Hualien County,Hualien
HUU,Huanuko,Huanuco
HBX,Hubli-Darvad,Hubli
HEV,Gibraleon,Huelva
HUZ,Huejdžou,Huizhou
HUY,Kirmington,Humberside
HTS,Hantington,Huntington
HSV,Hantsvil,Huntsville
HRG,Hurgada,Hurghada
HYD,Hajderabad,Hyderabad
IAS,Jaši,Iasi
IBE,Ibage,Ibague
IBZ,Eivisa,Ibiza
IDA,Ajdaho Fols,Idaho Falls
IGU,Fos do Iguasu,Iguassu Falls
IGR,Puerto Iguazú,Iguazu
JIK,Icaria,Ikaria Island
IKI,Iki,Iki Jp
ILP,Isle of Pines,Ile Des Pins
IOS,Iljeus,Ilheus
JAV,Ilulisat,Ilulissat
IMF,Impal,Imphal
INB,Independence and Mango Creek,Independence
IND,Indijanapolis,Indianapolis
IDR,Indor,Indore
IUI,Innaarsuit,Innarsuit
INN,Inzbruk,Innsbruck
INL,Internešonal Fols,International Falls
IVC,Inverkargil,Invercargill
INV,Invernes,Inverness
IOA,Janjina,Ioannina
YFB,Ikaluit,Iqaluit
IQQ,Ikike,Iquique
IQT,Ikvitos,Iquitos
IRI,Nduli,Iringa
IMT,Ajron Mauntin (Mičigen),Iron Mountain
IWD,Ajronvud (Mičigen),Ironwood
IFJ,Isafjerdir,Isafjordur
ILY,Ajlej,Islay
IOM,Ostrvo Men,Isle Of Man
ISP,Ajslip,Islip
IOQ,Isertoq,Isortoq
ITH,Itaka,Ithaca
ITU,Iturup,Iturup Island
IFO,Ivano-Frankovsk,Ivano Frankovsk
IWA,Ivanovo (Rusija),Ivanovo
IWJ,Masuda,Iwami
IZT,Ciudad Idžtepec,Ixtepec
IJK,Iževsk,Izhevsk
JLR,Džabalpur,Jabalpur
JAC,Džekson,Jackson
JAX,Džeksonvil,Jacksonville
JAE,Jaén,Jaen
JAI,Džajpur,Jaipur
JKT,Džakarta,Jakarta
JAL,džalapa Enríquez,Jalapa
HLE,Džejmstaun,Jamestown
JGA,Džamnagar,Jamnagar
DJJ,Džajapura,Jayapura
JED,Džeda,Jeddah
CJU,Čedžudo,Jeju City
JBB,Jember Regency,Jember
CHN,Jeon Ju,Jeonju
XRY,Herez de la Frontera,Jerez De La Frontera
JER,Džersi,Jersey
JPR,Ji-Parana,Ji Parana
JGD,Jiagedaqi District,Jia Ge Da Qi
JMU,Đamusi,Jiamusi
JGS,Ji an,Jian
JGN,Jiayuguan City,Jiayuguan
JIJ,Džidžiga,Jijiga
TNA,Đinan,Jinan
JDZ,Đingdedžen,Jingdezhen
JNG,Đining,JINING
JJN,Kvandžu,Jinjiang
JNZ,Đindžou,Jinzhou
JXA,Đisi,Jixi
JPA,Žoao Pesoa,Joao Pessoa
JOE,Joensu,Joensuu
JNB,Johanezburg,Johannesburg
JST,Džonstaun,Johnstown
JHB,Džohor Bahru,Johor Bahru
JOI,Žoinvile,Joinville
JBR,Džounsboro,Jonesboro
JKG,Jenćeping,Jonkoping
JLN,Džoplin,Joplin
JDO,Žuazeiro do Norte,Juazeiro Do Norte
JUB,Džuba,Juba
JDF,Žuiz de Fora,Juiz De Fora
JUJ,San Salvador de Huhuj,Jujuy
JUL,Hulijaka,Juliaca
JNU,Džuno,Juneau
JUZ,Quzhou,Juzhou
JYV,Jiveskile,Jyvaskyla
KOJ,Kagošima,Kagoshima
KCM,Kahramanmaraš,Kahramanmaras
OGG,Kahuluj,Kahului
KJH,Huangping County,Kaili
KAJ,Kajani,Kajaani
KAE,Kejk,Kake
AZO,Kalamazu,Kalamazoo
KGI,Kalgurli-Bolder,Kalgoorlie
KGD,Kalinjingrad,Kaliningrad
FCA,Kalispel,Kalispell
JKL,Kalimnos,Kalymnos Island
YKA,Kamlups,Kamloops
MUE,Vajmea,Kamuela
KDV,Kadavu Island,Kandavu
MKC,Kanzas Siti,Kansas City
KHH,Distrikt Kašiung,Kaohsiung
KHI,Karači,Karachi
KGF,Karagandi,Karaganda
KRY,Karamaj,Karamay
KLV,Karlove Vari,Karlovy Vary
FKB,Karlsrue,Karlsruhe Baden Baden
KSQ,Qarshi,Karshi
KHG,Kašgar,Kashi
KSJ,Kasos,Kasos Island
KZS,Kastellorizo,Kastelorizo
KSO,Kostur,Kastoria
KTM,Katmandu,Kathmandu
KTW,Katovice,Katowice
KAZ,Kau,Kaubang
KVA,Kavala,Kavalla
KAW,Kawthaung Township,Kawthaung
ASR,Kajseri,Kayseri
KZN,Kazanj,Kazan
EFL,Kefalonija,Kefalonia
ZKG,Kegashka,Kegaska
YLW,Kelouna,Kelowna
KSR,Selayar Regency,Kepulauan Selayar
CFU,Krf,Kerkyra
KIR,Keri,Kerry County
KTN,Kečikan,Ketchikan
EYW,Ki Vest,Key West
KHV,Habarovsk,Khabarovsk
HMA,Hanti-Mansijsk,Khanty Mansiysk
HRK,Harkov,Kharkov
KRT,Kartum,Khartoum
KHS,Hasab,Khasab
KHE,Herson,Kherson
MQJ,Honuu,Khonuu
LBD,Hučand,Khujand
JRO,Mount Kilimanjaro,Kilimanjaro
ILE,Kilin,Killeen
KIM,Kimberli,Kimberley
YLC,Kimmirut,Kimmirut Lake Harbour
KNS,King,King Island
KKN,Ćirćenes,Kirkenes
IRK,Kirksvil,Kirksville
KOI,Kirkvol,Kirkwall
KVX,Kirov,Kirov Pobedilovo
KKJ,Kitakjušu,Kita Kyushu
YKF,Voterlu,Kitchener
KIT,Kythira,Kithira
KLW,Klejvok,Klawock
TYS,Noksvil (Tenesi),Knoxville
COK,Kočin,Kochi
ADQ,Kodijak,Kodiak
KGP,Kogalim,Kogalym
KOK,Kokola,Kokkola
KOV,Kokšetau,Kokshetau
KMQ,Komacu,Komatsu
KXK,Komsomoljsk na Amuru,Komsomolsk Na Amure
KOA,Kajlua,Kona
KYA,Konija,Konya
KGS,Kos,Kos Gr
KSC,Košice,Kosice
KSA,Kosraj,Kosrae
KBR,Kota Baru,Kota Bharu
KBU,Kotabaru Regency,Kotabaru
CCJ,Kožikode,Kozhikode
KRK,Krakov,Krakow
KJA,Krasnojarsk,Krasnoyarsk
KRS,Kristijansand,Kristiansand
KID,Kristijanstad,Kristianstad
KSU,Kristijansund,Kristiansund
KWG,Kryvyi Rih,Krivoy Rog
TGG,Kuala Terenganu,Kuala Terengganu
KCH,Kačing,Kuching
YCO,Kugluktuk,Kugluktuk Coppermine
KUU,Kullu,Kulu
UEO,Kumedžima,Kume Jima
KMG,Kuenming,Kunming
KUV,Gunsan,Kunsan
KCA,Kuqa County,Kuqa
KRO,Kurgan (Rusija),Kurgan
KUH,Kuširo,Kushiro
KZR,Kutahja,Kutahya
KUZ,Kuummiit,Kuummiut
KAO,Kusamo,Kuusamo
KWI,Kuvajt,Kuwait
KWA,Kwajalein Atoll,Kwajalein
KWJ,Kvangdžu,Kwangju
IEV,Kijev,Kyiv
KZO,Kizilorda,Kzyl Orda
LCE,La Seiba,La Ceiba
LCG,Korunja,La Coruna
LSE,La Kros,La Crosse
YGL,La Grande River,La Grande
LAP,La Pas,La Paz
IRJ,Rioha,La Rioja
LRH,La Rošel,La Rochelle
LSC,Serena,La Serena
ZLT,La Tabatière,La Tabatiere
XLB,Lac Brochet,Lac Brochet Indian Reserve
LAE,Lae,Lae Pg
LFT,Lafejet,Lafayette
LHE,Lahor,Lahore
LCH,Lejk Čarls,Lake Charles
SUF,Lamecija Terme,Lamezia Terme
LPT,Lampang Province,Lampang
LNY,Lanaj,Lanai
LNS,Lankaster,Lancaster
JMJ,Lancang Lahu Autonomous County,Langcang
LGK,Langkavi,Langkawi
LHW,Landžou,Lanzhou
LAR,Larami,Laramie
LCA,Larnaka,Larnaca
RHD,Termas de Rio Hondo,Las Termas De Rio Hondo
LBE,Latrob,Latrobe
LST,City of Launceston,Launceston
LUL,Lorel,Laurel
LAW,Loton,Lawton
LEH,Avr,Le Havre
LEA,Edžmouth,Learmonth
LEB,Liban,Lebanon
LBA,Lids,Leeds
LGP,Legazpi,Legaspi
IXL,Leh,Leh IN
LEJ,Lajpcig,Leipzig
YQL,Letbridž,Lethbridge
LWB,Luisburg,Lewisburg
LWS,Luiston,Lewiston
LEX,Leksington,Lexington
LXA,Lasa,Lhasa
LYG,Lijanjungang,Lianyungang
LIR,Liberija,Liberia
LLB,Libo County,Libo
LBV,Librvil,Libreville
LGG,Lijež,Liege
LPX,Lijepaja,Liepaja
LIF,Lifou Island,Lifou
LNV,Lihir Group,Lihir Island
LIH,Kauaj,Lihue
LJG,Liđang,Lijiang City
IXI,Lakhimpur district,Lilabari
LIL,Lil,Lille
XXL,Lillehammer,Lille Hammer
LLW,Lilongve,Lilongwe
LXS,Lemnos,Limnos
LIG,Limož,Limoges
LIO,Puerto Limón,Limon
LNK,Linkoln,Lincoln
LPI,Linćeping,Linkoping
LYI,Linji,Linyi
LNZ,Linc,Linz
LPK,Lipeck,Lipetsk
LIS,Lisabon,Lisbon
LSY,Lizmor,Lismore
LIT,Litl Rok,Little Rock
LZH,Ljudžou,Liuzhou
LPL,Liverpul,Liverpool
LVI,Livingston,Livingstone
ILD,Ljeida,Lleida
YLL,Lojdminster,Lloydminster
IRG,Lockhart River,Lockhart
LOK,Lodvar,Lodwar
LCJ,Lođ,Lodz
LOE,Loej,Loei
RJL,Logronjo,Logrono
LDY,Deri,Londonderry
LGB,Long Bič,Long Beach
GGG,Longvju,Longview
LYR,Longjir,Longyearbyen
LDH,Lord Hau,Lord Howe Island
LRT,Lorjen,Lorient
LAX,Los Anđeles,Los Angeles
LMM,Los Močis,Los Mochis
LSA,Kiriwina,Losuia
LPQ,Luang Prabang,Louangphrabang
SDF,Luivil,Louisville
RYL,Zambezi,Lower Zambezi Nat Park
LBB,Labok,Lubbock
FBM,Lubumbaši,Lubumbashi
LKO,Laknau,Lucknow
LBC,Lubeck,Luebeck
LLA,Luleo,Lulea
XGC,Lund,Lund C
LYA,Luojang,Luoyang
LUX,Luksemburg,Luxembourg
LUM,Mang City,Luxi
LXR,Luksor,Luxor
LZO,Ludžou,Luzhou
CRK,Anheles,Luzon Island
LWO,Lavov,Lviv
LYH,Linčburg,Lynchburg
LYS,Lion,Lyon
MRE,Masai Mara,Maasai Mara
MST,Mastriht,Maastricht
MCP,Makapa,Macapa
MFM,Makao,Macau
MCZ,Masejo,Maceio
MKY,Makaj,Mackay
MCN,Mejkon,Macon
MED,Medina,Madinah
MSN,Medison,Madison
IXM,Maduraj,Madurai
HGN,Me Hong Son,Mae Hongson
MAQ,Mae Sot District,Mae Sot
IGT,Nazranj,Magas
SEZ,Mahe,Mahe Island
KJT,Kertajati,Majalengka
MJN,Mahajanga,Majunga
MAJ,Madžuro,Majuro
MCX,Mahačkala,Makhachkala
MKZ,Malaka,Malacca
MLX,Malatija,Malatya
MMA,Malme,Malmo
MMH,Mamot Lejks,Mammoth Lakes
MJC,Man,Man CI
MGA,Managva,Managua
MAN,Mančester,Manchester
MDL,Mandalej,Mandalay
IXE,Mangalor,Mangalore
MWX,Muan County,Mangunnyeon
MHK,Menhetn,Manhattan
MBL,Manisti,Manistee
MHG,Mannheim,Mannheim Germany
MKW,Manokvari,Manokwari
MAR,Marakaibo,Maracaibo
MGH,Margejt,Margate
MHQ,Marijehamn,Mariehamn
MII,Marilija,Marilia
MRQ,Marinduke,Marinduque
MWA,Merion,Marion
MCY,Sunshine Coast Region,Maroochydore
MQT,Market,Marquette
RAK,Marakeš,Marrakech
MRS,Marselj,Marseille
MHH,Marš Harbur,Marsh Harbour
MVY,Martas Vinjard,Martha S Vineyard
MBT,Masbate City,Masbate
MHD,Mešhed,Mashad
MCW,Mejson Siti,Mason City
MSS,Masina,Massena
MFK,Matsu Islands,Matsu
LZN,Nangan,Matsu Nagan
MMJ,Macumoto,Matsumoto
MYJ,Macujama,Matsuyama
MBZ,Maués,Maues
MRU,Mauricijus,Mauritius
MAZ,Majagvez,Mayaguez
MZR,Mazari Šarif,Mazar I Sharif
MBI,Mbeja,Mbeya
MFE,Makalen,McAllen
MCV,McArthur River zinc mine,McArthur River
MCK,Makuk,McCook
MDE,Medeljin,Medellin
YXH,Medisin Hat,Medicine Hat
MXZ,Meizhou,Meixian
MEL,Melburn,Melbourne
MLN,Melilja,Melilla
MMB,Memanbetsu,Memambetsu
MEM,Memfis,Memphis
MAH,Menorka,Menorca
MCE,Mersed,Merced
MEI,Meridijan,Meridian
ETZ,Metz,Metz Nancy
MXL,Mehikali,Mexicali
MEX,Meksiko Siti,Mexico City
MIA,Majami,Miami
MIG,Mjenjang,Mian Yang
MIL,Milano,Milan
MQL,Mildjura,Mildura
MGT,Milingimbi Island,Milingimbi
MKE,Milvoki,Milwaukee
MRV,Mineralnije Vodi,Mineralnye Vody
MSP,Mineapolis,Minneapolis
MOT,Majnot,Minot
MJZ,Mirni,Mirny
MSO,Mizula,Missoula
MMY,Miyakojima,Miyako Jima
KMI,Mijazaki,Miyazaki
MOB,Mobil,Mobile
MGQ,Mogadišu,Mogadishu
MLI,Molin,Moline
YQM,Monkton,Moncton
MLU,Monro,Monroe
MLW,Monrovija,Monrovia
YYY,Mon Žoli,Mont Joli
MCM,Monaco,Monte Carlo
MRY,Monterej,Monterey
MTR,Montería,Monteria
MTY,Monterej,Monterrey
MOC,Montes Klaros,Montes Claros
MGM,Montgomeri,Montgomery
MPL,Monpelje,Montpellier
MTJ,Montrouz,Montrose
NYW,Moniva,Monywa
MOZ,Mo orea,Moorea
YMO,Musoni,Moosonee
MLM,Morelija,Morelia
MGW,Morgantaun,Morgantown
HNA,Hanamaki,Morioka
ONG,Mornington Island,Mornington
MOH,Bungku,Morowali
MOW,Moskva,Moscow
MJF,Mosjøen,Mosjoen
ISA,Maunt Ajza,Mount Isa
MPN,Mont Plezant,Mount Pleasant
MGB,Maunt Gambir,Mt Gambier
HGU,Mont Hagen,Mt Hagen
MYW,Mtvara,Mtwara
MDG,Mudanđang,Mudanjiang
FMO,Minster,Muenster
EAP,Bazel,Mulhouse Basel
MZV,Gunung Mulu National Park,Mulu
MUC,Minhen,Munich
MJV,Mursija,Murcia
MCT,Maskat,Muscat
MSL,Masl Šouls,Muscle Shoals
MKG,Maskigon,Muskegon
MWZ,Mvanza,Mwanza
JMK,Mikonos,Mykonos
MYR,Mertl Bič,Myrtle Beach
NDJ,Ndžamena,N Djamena
NLA,Ndola,N Dola
NBC,Nižnjekamsk,Naberevnye Chelny
NYM,Nadim,Nadym
NGO,Nagoja,Nagoya
NBO,Najrobi,Nairobi
NAJ,Nahčivan,Nakchivan
KOP,Nakon Panom,Nakhon Phanom
NST,Nakon Si Tamarat,Nakhon Si Thammarat
NAL,Naljčik,Nalchik
NAM,Namlea-Buru Island,Namlea
QNM,Namur,Namure
NNT,Nan,Nan Th
YCD,Nanajmo,Nanaimo
KHN,Nančang,Nanchang
NAO,Nančung,Nanchong
NKG,Nanking,Nanjing
NNG,Naning,Nanning
NTE,Nant,Nantes
NTG,Nantung,Nantong
ACK,Nantaket,Nantucket
NNY,Nanjang,Nanyang
NPE,Nejpijer,Napier Hastings
APF,Napulj,Naples
NAW,Narativat,Narathiwat
NNM,Narjan-Mar,Naryan Mar
BNA,Nešvil,Nashville
ISK,Nashik,Nasik
NAS,Nasau,Nassau
INU,Yaren,Nauru Island
NVI,Navoiy,Navoi
JNX,Naksos,Naxos
NYT,Nejpjido,Nay Pyi Taw
NVA,Niva,Neiva
EAM,Najran,Nejran
NLP,Mbombela,Nelspruit
NER,Nerjungri,Neryungri
EUM,Neumunster,Neumuenster
NQN,Neuken,Neuquen
NAV,Nevšehir,Nevsehir
EWB,Nju Bedford,New Bedford
EWN,Nju Bern,New Bern
HVN,Nju Hejven,New Haven
MSY,Nju Orleans,New Orleans
NPL,Nju Plimut,New Plymouth
NYC,Njujork,New York
NCL,Njukasl na Tajnu,Newcastle
PHF,Njuport Njuz,Newport News
NHA,Nja Čang,Nha Trang
IAG,Najagara Fols,Niagara Falls
NIM,Nijamej,Niamey
NCE,Nica,Nice
KIJ,Nigata,Niigata
NLI,Nikolayevsk-on-Amur,Nikolayevsk Na Amure
FNI,Nim,Nimes
INI,Niš,Nis Rs
IUE,Nijue,Niue Island
NJC,Nižnjevartovsk,Nizhnevartovsk
GOJ,Nižnji Novgorod,Nizhniy Novgorod
NOJ,Nojabrsk,Nojabrxsk
OME,Noum,Nome
NOD,Norddeich,Norden
ORF,Norfok,Norfolk
NLK,Norfolk,Norfolk Island
NSK,Noriljsk,Norilsk
NRK,Norćeping,Norrkoping
YYB,Nort Bej,North Bay
OTH,Nort Bend,North Bend
YNO,North Spirit Lake,North Spirit Indian Reserve
NWI,Norič,Norwich
NOB,Nosara,Nosara Beach
NOS,Nosy Be,Nossi Be
NTB,Notoden,Notodden
NQT,Notingem,Nottingham Uk
NKC,Nuakšot,Nouakchott
NOU,Numea,Noumea
NOZ,Novokuznjeck,Novokuznetsk
NUX,Novi Urengoj,Novy Urengoy
TBU,Nukualofa,Nuku Alofa
NUE,Nirnberg,Nuremberg
GOH,Nuk,Nuuk
NYA,Njaganj,Nyagan
NYU,Bagan,Nyaung
ZIJ,Nykobing Sjaelland,Nykoing Sjaelland
OAK,Oukland,Oakland
OAX,Oahaka,Oaxaca
ONJ,Odate,Odate Noshiro
ODS,Odesa,Odessa
KEO,Odiene,Odienne
OKJ,Okajama,Okayama
OHH,Oha,Okha
OKA,Okinava,Okinawa
OKE,Okinoerabudžima,Okino Erabu
OKC,Oklahoma Siti,Oklahoma City
OLB,Olbija,Olbia
OLZ,Oljokminsk,Olekminsk
ONK,Olenjok,Olenek
ULG,Ulgij,Olgii
OMR,Veliki Varadin,Oradea
OAG,Orindž,Orange
OGU,Giresun,Ordu Giresun
ORB,Erebro,Orebro Bofors
ORE,Orlean,Orleans
OER,Ernšeldsvik,Ornskoldsvik
HOV,Volda,Orsta Volda
OSS,Oš,Osh Kg
OSD,Estersund,Ostersund
YOW,Otava,Ottawa
OUA,Uagadugu,Ouagadougou
OUD,Uida,Oujda
OZZ,Uarsasat,Ourzazate
OWB,Ovensboro,Owensboro
QOW,Overi,Owerri
OZC,Ozamiz,Ozamis City
PAH,Padjuka,Paducah
PGA,Pejdž,Page
YIF,Saint-Augustin,Pakuashipi
PKY,Palangka Raya,Palangkaraya
PMI,Palma,Palma Mallorca
PMZ,Palmar Sur,Palmar
PMR,Palmerston Nort,Palmerston
ECP,Panama Siti,Panama City
PKN,Pangkalan Bun,Pangkalanbuun
PGK,Pangal Pinang,Pangkalpinang
PZI,Pandžihua,Panzhihua
PPT,Tahiti,Papeete
PFO,Pafos,Paphos
PAR,Pariz,Paris
PAS,Parikija,Paros
PSC,Pasko,Pasco
GPA,Patra,Patras
PUF,Po,Pau Fr
PLN,Pelston,Pellston
YBB,Kugaaruk,Pelly Bay
PMA,Pemba Island,Pemba
PEN,Pulau Pinang,Penang
PNS,Pensakola,Pensacola
YYF,Pentikton,Penticton
PIA,Piorija,Peoria
PGX,Perige,Perigueux
PEE,Perm (Rusija),Perm
PGF,Perpinjan,Perpignan
PER,Pert,Perth
PEG,Peruđa,Perugia
PSR,Peskara,Pescara
PEW,Pešavar,Peshawar
PSG,Pitersburg,Petersburg
PKC,Petropavlovsk Kamčatski,Petropavlovsk Kamchatskiy
PHL,Filadelfija,Philadelphia
PNH,Pnom Pen,Phnom Penh
PHX,Finiks,Phoenix
PRH,Fre,Phrae
PQC,Fukvok,Phu Quoc
HKT,Puket,Phuket
PIR,Pir,Pierre
PZB,Pitermaricburg,Pietermaritzburg
YPM,Pikangikum First Nation,Pikangikum
PSA,Piza,Pisa
PIT,Pitsburg,Pittsburgh
PBG,Platsburg,Plattsburgh
PBZ,Pletenberg Bej,Plettenberg Bay
PIH,Pokatelo,Pocatello
PTP,Poent a Pitr,Pointe A Pitre
PNR,Poant Noar,Pointe Noire
PIS,Poatje,Poitiers
PTG,Polokvane,Polokwane
PSE,Ponse,Ponce
PNY,Pondišeri,Pondicherry
PGZ,Ponta Grosa,Ponta Grossa
YHP,Poplar Hill First Nation,Poplar Hill Indian Reserve
TAT,Poprad,Poprad Tatry
PAP,Port o Prens,Port Au Prince
IXZ,Port Bler,Port Blair
PLZ,Port Elizabet,Port Elizabeth
PHC,Port Harkort,Port Harcourt
POM,Port Morsbi,Port Moresby
POS,Port ov Spejn,Port Of Spain
PZU,Port,Port Sudan
PXO,Vila Baleira,Porto Santo
PVH,Porto Veljo,Porto Velho
PSM,Portsmut,Portsmouth
YGW,Kuujjuarapik,Poste De La Baleine
YPW,Pauel River,Powell River
PAZ,Poza Rica de Hidalgo,Poza Rica
POZ,Poznanj,Poznan
PRG,Prag,Prague
RAI,Praja,Praia
PRI,Praslin,Praslin Island
RZH,Preobrazheniye,Preobrazheniya
PRC,Preskot,Prescott
PPB,Prezidente Prudente,Presidente Prudente
PQI,Presk Ajl,Presque Isle
YXS,Prins Džordž,Prince George
YPR,Prins Rupert,Prince Rupert
PVD,Providens,Providence
PVA,Providencia Island,Providencia
PVC,Provinstaun,Provincetown
SCC,Prudhoe Bay,Prudhoe Bay Deadhorse
PQQ,Port Makvori,Pt Macquarie
PCL,Pukaljpa,Pucallpa
PBR,Puerto Barios,Puerto Barrios
PCR,Puerto Carreño,Puerto Carreno
FUE,Fuerteventura,Puerto Del Rosario
PDA,Inirida,Puerto Inirida
PJM,Puerto Jiménez,Puerto Jimenez
LQM,Puerto Leguízamo,Puerto Leguizamo
PMC,Puerto Mont,Puerto Montt
PPS,Puerto Princeza,Puerto Princesa
PUW,Pulman,Pullman
PNQ,Puna,Pune
PUJ,Punta Kana,Punta Cana
PGD,Panta Gorda,Punta Gorda
NAQ,Kanak,Qaanaaq
BPX,Chengguan,Qamdo
JIQ,Qianjiang District,Qianjiang
TAO,Ćingdao,Qingdao
NDG,Ćićihar,Qiqihar
VDO,Ha Long,Quang Ninh
YQB,Kwebek,Quebec
ZQN,Kvinstaun,Queenstown
UEL,Kelimane,Quelimane
QRO,Santijago de Keretaro,Queretaro
UET,Kveta,Quetta
UIH,Quy Nhon,Qui Nhon
UIB,Kvibdo,Quibdo
UIP,Kemper,Quimper
UIN,Kvinsi,Quincy
UIO,Kito,Quito
VKG,Žać Žja,Rach Gia
RPR,Rajpur,Raipur
RJA,Radžamandri,Rajahmundry
RAJ,Radžkot,Rajkot
RDU,Rali,Raleigh
IXR,Ranči,Ranchi
RGI,Rangiroa,Rangiroa Island
RAP,Rapid Siti,Rapid City
RKT,Ras el Hajma,Ras Al Khaimah
REC,Resife,Recife
YRL,Red Lejk,Red Lake
RDD,Reding,Redding
REG,Ređo di Kalabrija,Reggio Calabria
YQR,Redžajna,Regina
RNS,Ren,Rennes
RNO,Rino,Reno
YUT,Naujaat,Repulse Bay
RES,Resistensija,Resistencia
RUN,Sen Deni,Reunion Island
REK,Rejkjavik,Reykjavik
REX,Rejnosa,Reynosa
RHI,Rajnlander,Rhinelander
RCB,Ričards Bej,Richards Bay
RCM,Ričmond,Richmond
RKZ,Shigatse,Rikaze
RBR,Rio Branko,Rio Branco
RIO,Rio de Žaneiro,Rio De Janeiro
RGL,Rio Galeros,Rio Gallegos
RUH,Rijad,Riyadh
RIZ,Židžao,Rizhao
ROA,Roanok,Roanoke
RTB,Codžen Hole,Roatan
ROC,Ročester,Rochester
RKS,Rok Springs,Rock Springs
ROK,Rokhempton,Rockhampton
RKD,Rokland,Rockland
RRG,Rodrigeš,Rodrigues Island
RVK,Rorvik,Roervik
ROM,Rim,Rome
RNB,Ronebi,Ronneby
RRS,Reros,Roros
RLG,Rostok,Rostock Laage
ROV,Rostov na Donu,Rostov
ROW,Rozvel,Roswell
RTM,Roterdam,Rotterdam
RTA,Rotuma,Rotuma Island
URO,Ruan,Rouen
YUY,Ruin Noranda,Rouyn Noranda
RVN,Rovanijemi,Rovaniemi
RWN,Rivne,Rovno
RXS,Rohas,Roxas City
RUT,Ratland,Rutland
RZE,Žešov,Rzeszow
SCN,Sarbriken,Saarbruecken
SAE,Saattut,Saatut
SAB,Saba,Saba Island
SAC,Sakramento,Sacramento
MBS,Sagino,Saginaw
STC,Sent Klaud,Saint Cloud
YSJ,Sent Džon,Saint John
SMS,Nosi Boraha,Saint Marie
SPN,Sajpan,Saipan
SID,Sal,Sal Island
SLL,Salala,Salalah
SLM,Salamanka,Salamanca
SLY,Salehard,Salekhard
SCR,Rorbacksnas,Salen
SLN,Salajna,Salina
SBY,Oušan Siti,Salisbury Ocean City
SLC,Solt Lejk Siti,Salt Lake City
SLW,Saltiljo,Saltillo
SZG,Salcburg,Salzburg
AZS,Samaná,Samana
UAS,Samburu County,Samburu
SJT,San Andželo,San Angelo
BRC,Bariloche,San Carlos Bariloche
SCY,San Cristóbal Island,San Cristobal
SAN,San Dijego,San Diego
SFO,San Francisko,San Francisco
SJC,San Hoze,San Jose
SJD,San Jose del Cabo,San Jose Cabo
SJE,San Jose del Guaviare,San Jose Guaviare
SJU,San Huan,San Juan
CSL,Cabo San Lucas,San Luis Obispo
SPR,San Pedro Town,San Pedro
SAL,San,San Salvador
EAS,San Sebastijan,San Sebastian
SVI,San Vicente Del Caguan,San Vincent
SWL,San Vicente,San Vincente
SSJ,Sandnesšeen,Sandnessjoen
SNW,Thandwe,Sandoway
SFQ,Šanlijurfa,Sanli Urfa
SPC,Santa Cruz de La Palma,Santa Cruz
FLW,Flores Island,Santa Cruz Flores
HUX,Santa María Huatulco,Santa Cruz Huatulco
SCZ,Santa Cruz Islands,Santa Cruz Island
SMA,Santa Maria Island,Santa Maria
ETR,Santa Rosa Canton,Santa Rosa
SCL,Santijago,Santiago
SCQ,Santijago de Kompostela,Santiago De Compostela
SDE,Santijago del Estero,Santiago Del Estero
SJZ,Sao Jorge Island,Sao Jorge Island
SJP,Sao Žoze do Rio Preto,Sao Jose Do Rio Preto
SLZ,Sao Luis,Sao Luiz
SNE,Sao Nikolau,Sao Nicolau
TMS,Sao Tome,Sao Tome Is
VXE,Sao Visente,Sao Vicente
SPK,Saporo,Sapporo
YZR,Sarnija,Sarnia
YXE,Saskatun,Saskatoon
SSM,Sault Sainte Marie,Sault Ste Marie
SAV,Savana,Savannah
ZVK,Savanaket,Savannakhet
SVL,Savonlina,Savonlinna
YKL,Šefervil,Schefferville
AVP,Vilks-Beri,Scranton
SEA,Sijetl,Seattle
EGM,Seghe,Sege
SJY,Seinajoki / Ilmajoki,Seinajoki
PLX,Semej,SEMIPALATINSK
SDJ,Sendaj,Sendai
LEU,Andorra la Vella,Seo de Urgel
SEL,Seul,Seoul
YZV,Set Il,Sept Iles
SVQ,Sevilja,Sevilla
SFA,Sfaks,Sfax
EKS,Šahtjorsk,Shakhtersk
ZTM,Shamattawa First Nation,Shamattawa Indian Reserve
SHA,Šangaj,Shanghai
SNN,Šenon,Shannon
SWA,Šantou,Shantou
WGN,Šaojang,Shaoyang
SSH,Šarm el Šeik,Sharm El Sheik
SHW,Šarurah,Sharurah
SHE,Šenjang,Shenyang
SZX,Šendžen,Shenzhen
SDZ,Shetland Islands,Shetland Islands Area
NGQ,Ngari Prefecture,Shi Quan He
SJW,Šiđadžuang,Shijiazhuang
SHL,Šilong,Shillong
CIT,Šimkent,Shimkent
LWN,Gjumri,Shirak
SYZ,Širaz,Shiraz
SHC,Shire,Shire Indaselassie
WDS,Šijen,Shiyan
FSZ,Šizuoka,Shizuoka City
SOW,Šou Lou,Show Low
SHV,Šrivport,Shreveport
SKT,Sijalkot,Sialkot
SBZ,Sibinj,Sibiu
DTB,Siborong-Borong,Siborong Borong
SDY,Sidni,Sidney
REP,Sijem Reap,Siem Reap
KOS,Sihanukvil,Sihanoukville
SVC,Silver Siti,Silver City
SYM,Simao District,Simao
SLV,Shimla,Simla
SIF,Simara,Simra
SIN,Singapur,Singapore
SQG,Sintang Regency,Sintang Borneo Island
SUX,Su Siti,Sioux City
FSD,Su Fols,Sioux Falls
YXL,Su Lukaut,Sioux Lookout
SIS,Dingleton,Sishen
JHS,Sisimjut,Sisimiut
JSH,Sitija,Sitia
SFT,Šelefteo,Skelleftea
YVS,Ski,Ski Norway
JSI,Skijatos,Skiathos
SKU,Skyros,Skiros
SKP,Skoplje,Skopje
SKS,Vojens,Skrydstrup
AER,Soči,Sochi
SOF,Sofija,Sofia
SOC,Surakarta,Solo
SGD,Senderborg,Sonderborg
SBN,Saut Bend,South Bend
SOU,Sauthempton,Southampton
OVS,Sovjetski,Sovetsky
SPM,Trier,Spangdahlem
GEG,Spoken,Spokane
SGF,Springfild,Springfield
SEK,Srednjekolimsk,Srednekolymsk
YAY,St. Anthony,St Anthony
UST,Sent Ogastin,St Augustine
SBH,Saint Barthelemy,St Barthelemy
STX,Sent Kroj,St Croix
EBU,Sent Etjen,St Etienne
EUX,Sveti Eustahije,St Eustatius
SGO,Sent Džordž,St George
YYT,Sent Džons,St Johns
SKB,Saint Kitts,St Kitts
STL,Sent Luis,St Louis
SLU,Millet,St Lucia
SXM,Sveti Martin,St Maarten
SFG,Sveti Martin,St Martin
SNR,Saint Nazaire,St Nazaire
LED,Sankt Peterburg,St Petersburg
FSP,Sen Pjer,St Pierre
ZSE,Saint-Pierre,St Pierre Dela Reunion
SSI,Bransvik,St Simons Is
YST,St. Theresa Point First Nation,St Theris Point
STT,Sent Tomas,St Thomas
SVD,Saint Vincent,St Vincent
SCE,Stejt Kolidž,State College
SHD,Stanton,Staunton
STW,Stavropolj,Stavropol
SWO,Stilvoter,Stillwater
STO,Stokholm,Stockholm
XWH,Stoke-on-Trent,Stoke On Trent
SXB,Strazbur,Strasbourg
STR,Štutgart,Stuttgart
SCV,Sučava,Suceava
SRE,Sukre,Sucre
YSB,Veliki Sadberi,Sudbury
THS,Sukotai,Sukhothai
SKZ,Sukur,Sukkur
ISU,Sulejmanija,Sulaymaniyah
SWQ,Sumbawa Besar,Sumbawa
SUN,San Vali,Sun Valley
SDL,Sundsval,Sundsvall
SUB,Surabaja,Surabaya
URT,Surat Tani,Surat Thani
SUG,Surigao City,Surigao
SVJ,Svolver,Svolvaer
SYD,Sidnej,Sydney
SCW,Siktivkar,Syktyvkar
ZYL,Silhet,Sylhet
SYR,Sirakjus,Syracuse
JSY,Siros,Syros Island
SZZ,Ščećin,Szczecin
TCG,Tacheng Prefecture,Tacheng
TAC,Takloban,Tacloban
TCQ,Takna,Tacna
TPE,Tajpej,Taipei
TTT,Taitung County,Taitung
TYN,Taijuan,Taiyuan
HYN,Taidžu,Taizhou
TAK,Takamacu,Takamatsu
TKD,Sekondi-Takoradi,Takoradi
TDK,Taldikorgan,Taldy Kurgan
TLH,Talahasi,Tallahassee
TLL,Talin,Tallinn
TMM,Toamasina,Tamatave
VCL,Chu Lai,Tamky
TAM,Tampiko,Tampico
TMW,Tamvort,Tamworth
TNE,Tanegašima,Tanega Shima
TNG,Tanger,Tangier
TVS,Tangšan,Tangshan
TNJ,Tanžung Pinang,Tanjung Pinang
TAR,Grottaglie,Taranto
TRW,Južna Tarava,Tarawa
TJA,Tariha,Tarija
TAS,Taškent,Tashkent
TWU,Tavau,Tawau
TEE,Tebesa,Tbessa
TGU,Tegusigalpa,Tegucigalpa
TEX,Teljurajd,Telluride
ZCO,Temuko,Temuco
TKE,Tenaki Springs,Tenakee
TPQ,Tepik,Tepic
TER,Terseira,Terceira
THE,Terezina,Teresina
YXT,Teras,Terrace
TXK,Teksarkana,Texarkana
THD,Tanj Hoa,Thanh Hoa
YQD,De Pa,The Pas
SKG,Solun,Thessaloniki
TVF,Tif River Fols,Thief River Falls
JTR,Santorini,Thira Island
TRV,Tiruvanantapuram,Thiruvananthapuram
YTH,Tompson,Thompson
YQT,Tander Bej,Thunder Bay
TSN,Tjencin,Tianjin
TIJ,Tihuana,Tijuana
TSR,Temišvar,Timisoara
YTS,Timins,Timmins
TIN,Tinduf,Tindouf
TGM,Targu Mureš,Tirgu Mures
TRZ,Tiručirapali,Tiruchirappali
TKS,Tokušima,Tokushima
TYO,Tokio,Tokyo
TOL,Tolido,Toledo
TLU,Tolú,Tolu
TGO,Tungljao,Tongliao
TWB,Tuvumba,Toowoomba
TRC,Toreon,Torreon
TOH,Ababa,Torres
TTJ,Totori,Tottori
TLN,Tulon,Toulon
TLS,Tuluza,Toulouse
TUF,Tur,Tours
TSV,Taunsvil,Townsville
TOY,Tojama,Toyama
TJH,Hyogo Prefecture,Toyooka
TOE,Tosur,Tozeur
TZX,Trapezunt,Trabzon
TVC,Travers Siti (Mičigen),Traverse City
REL,Trelev,Trelew
TRS,Trst,Trieste
THN,Trolhetan,Trollhattan
TOS,Tromse,Tromso
TRD,Trondhejm,Trondheim
TRU,Truhiljo,Trujillo
TKK,Chuuk State,Truk
TUB,Tubuai,Tubuai Island
TBG,Tabubil,Tububil
TUS,Tuson,Tucson
TUC,San Migel de Tukuman,Tucuman
TUG,Tugegarao,Tuguegarao
TLE,Toliara,Tulear
TUL,Talsa,Tulsa
TXN,Huangshan City,Tunxi
TRN,Torino,Turin
THX,Turuhansk,Turukhansk
TCR,Tutukudi,Tuticorin
TGZ,Tukstla Gutijerez,Tuxtla Gutierrez
TBB,Tui Hoa,Tuy Hoa
TWF,Tvin Fols,Twin Falls
TYR,Tajler,Tyler
TJM,Tjumenj,Tyumen
UTP,Pataja,U Tapao
UBJ,Ube,Ube Jp
UDI,Uberlandija,Uberlandia
UBP,Ubon Račatani,Ubon Ratchathani
UDR,Udajpur,Udaipur
UTH,Udon Tani,Udon Thani
UFA,Ufa,Ufa RU
UPG,Makasar,Ujung Pandang
UCT,Uhta,Ukhta
ULN,Ulan Bator,Ulaanbaatar
HLH,Ulan Hot,Ulanhot
ULB,Toak,Ulei
ULZ,Uljastaj,Uliastai
ULY,Uljanovsk,Ulyanovsk
UME,Umeo,Umea
UTN,Apington,Upington
URA,Oral,Uralsk
URJ,Uraj,Uray
UPN,Uruapan del Progreso,Uruapan
URC,Urumći,Urumqi
USH,Ušuaja,Ushuaia
UKK,Oskemen,Ust Kamenogorsk
UKX,Ust-Kut,Ust Kut
UKG,Ust-Kuyga,Ust Kuyga
USR,Ust-Nera,Ust Nera
KNG,Kaimana,Utarom
UDJ,Uzhhorod,Uzhgorod
VAA,Vasa,Vaasa
VDS,Vadse,Vadso
ZAL,Valdivija,Valdivia
VLC,Valensija,Valencia
VLL,Valjadolid,Valladolid
VUP,Vajedupar,Valledupar
VAN,Van,Van TR
YVR,Vankuver,Vancouver
VAW,Vardo,Vardoe
VRK,Varkaus / Joroinen,Varkaus
VXO,Vekše,Vaxjo
VUS,Veliki Ustjug,Veliky Ustyug
VCE,Venecija,Venice
VER,Verakruz,Veracruz
VRB,Viro Bič,Vero Beach
VCT,Viktorija,Victoria
VFA,Viktorija Fols,Victoria Falls
VIE,Beč,Vienna
VTE,Vijentijan,Vientiane
VQS,Vijekes,Vieques
VGA,Vidžajavada,Vijayawada
VNX,Vilankulo,Vilanculos
VSA,Viljaermosa,Villahermosa
VVC,Viljavisensio,Villavicencio
VNO,Vilnjus,Vilnius
VII,Vin,Vinh City
VIN,Vinica,Vinnitsa
VPG,Kikambala,Vipingo
VBY,Visbi,Visby
VTZ,Vizagapatnam,Vishakhapatanam
VTB,Vitepsk,Vitebsk
VIT,Vitorija,Vitoria
VDC,Vitorija da Konkista,Vitoria Da Conquista
VOZ,Voronjež,Voronezh
ACT,Vejko,Waco
WAE,Wadi ad-Dawasir,Wadi Al Dawaser
WGA,Voga Voga,Wagga Wagga
XWD,Wakefield,Wakefield Westgate
ALW,Vola Vola,Walla Walla
WVB,Valvis Bej,Walvis Bay
WAG,Whanganui,Wanganui
WNI,Wangi-wangi Island,Wangi Wangi
WXN,Wanzhou District,Wanxian
WBM,Wapenamanda District,Wapenamanda
WAW,Varšava,Warsaw
WAS,Vašington,Washington
ALO,Voterlu,Waterloo
ART,Votertaun,Watertown
AUW,Voso,Wausau
EJH,Al Wajh,Wedjh
WEH,Vejhaj,Weihai
WLG,Velington,Wellington
EAT,Venači,Wenatchee
WNH,Venšan,Wenshan
WNZ,Vendžou,Wenzhou
PBI,Vest Palm Bič,West Palm Beach
WYS,Vest Jelouston,West Yellowstone
WRE,Fangarej,Whangarei
HPN,Vestčester Okrug,White Plains
YXY,Vajthors,Whitehorse
WYA,Vajala,Whyalla
ICT,Vičita,Wichita
SPS,Vičita Fols,Wichita Falls
YWL,Vilijams Lejk,Williams Lake
IPT,Vilijamsport,Williamsport
ISN,Viliston,Williston
ILG,Vilmington,Wilmington
WDH,Vindhuk,Windhoek
YQG,Vindzor,Windsor
YWG,Vinipeg,Winnipeg
INT,Vinston-Sejlem,Winston-Salem
ZWT,Lutherstadt Wittenberg,Wittenberg
OLF,Vulf Pojnt,Wolf Point
WOL,City of Wollongong,Wollongong
WJU,Vonju,Wonju
ORH,Vuster,Worcester
WRG,Vrangel,Wrangell
WRO,Vroclav,Wroclaw
WUH,Vuhan,Wuhan
QWU,Wuerzburg,Wurzburg
WUX,Vusi,Wuxi
SIA,dži'an,Xi An
XMN,Sjamen,Xiamen
XFN,Sjangjang,Xiangfan
KLJ,Klaipeda,Xiangyang
XKH,Phonsavan,Xieng Khouang
XNN,Sining,Xining
NLT,džinyuan County,Xinyuan City
XUZ,Sjudžou,Xuzhou
DEX,Yahukimo Regency,Yahukimo
YKM,Jakimo,Yakima
YKS,Jakutsk,Yakutsk
GAJ,Jamagata,Yamagata
ENY,Yan an,Yanan
YNB,Janbu,Yanbo
YNZ,Jančeng,Yancheng
RGN,Rangun,Yangon
YNY,Yangyang County,Yangyang
YTY,Jangdžou,Yangzhou
YNJ,Janđi,Yanji
YNT,Jantaj,Yantai
YAO,Jaunde,Yaounde
YAP,Yap,Yap Fm
IAR,Jaroslavlj,Yaroslavl
YZF,Jelounajf,Yellowknife
RSU,Jeosu-si,Yeosu
EVN,Jerevan,Yerevan
YBP,Jibin,Yibin
YIH,Jičang,Yichang
LDS,Yichun,Yichun Shi
INC,Jinčuan,Yinchuan
YKH,Jingkou,Yingkou
YIN,Jining,Yining
JOG,Jogjakarta,Yogyakarta
YGJ,Jonago,Yonago
ZAC,York Factory First Nation,York Landing Indian Reserve
JOK,Joškar Ola,YOSHKAR OLA
YNG,Jangstaun,Youngstown
YUM,Juma,Yuma
YCU,Junčeng,Yun Cheng
YUS,Yushu City,Yushu
DEE,Yuzhno-Kurilsk,Yuzhno Kurilsk
UUS,Južno-Sahalinsk,Yuzhno Sakhalinsk
OZG,Zagora (Maroko),Zagora
ZTH,Zakintos,Zakinthos
OZH,Zaporožje,Zaporozhe
ZAZ,Saragosa,Zaragoza
ZQZ,Džangđakou,Zhangjiakou
ZHA,Džanđang,Zhanjiang
CGO,Džengdžou,Zhengzhou
DZN,Žeskazgan,Zhezkazgan
HJJ,Huaihua,Zhi Jiang
ZUH,Džuhaj,Zhuhai
IEG,Zjelona Gora,Zielona
ZIH,Idžtapa,Zihuatanejo
ZLM,Zug,Zug Ch
ZYI,Cuenji,Zunyi
ZRH,Cirih,Zurich